Domain,Area Code (M49),Area,Element Code,Element,Item Code,Item,Year Code,Year,Unit,Value,Flag,Flag Description,Note
Fertilizers by Nutrient,566,Nigeria,5157,Agricultural Use,3102,Nutrient nitrogen N (total),1961,1961,t,371,A,Official figure,Official data from questionnaire
Fertilizers by Nutrient,566,Nigeria,5157,Agricultural Use,3102,Nutrient nitrogen N (total),1962,1962,t,401,A,Official figure,Official data from questionnaire
Fertilizers by Nutrient,566,Nigeria,5157,Agricultural Use,3102,Nutrient nitrogen N (total),1963,1963,t,500,I,Imputed value,
Fertilizers by Nutrient,566,Nigeria,5157,Agricultural Use,3102,Nutrient nitrogen N (total),1964,1964,t,1100,X,Figure from international organizations,
Fertilizers by Nutrient,566,Nigeria,5157,Agricultural Use,3102,Nutrient nitrogen N (total),1965,1965,t,2000,X,Figure from international organizations,
Fertilizers by Nutrient,566,Nigeria,5157,Agricultural Use,3102,Nutrient nitrogen N (total),1966,1966,t,4600,X,Figure from international organizations,
Fertilizers by Nutrient,566,Nigeria,5157,Agricultural Use,3102,Nutrient nitrogen N (total),1967,1967,t,4000,X,Figure from international organizations,
Fertilizers by Nutrient,566,Nigeria,5157,Agricultural Use,3102,Nutrient nitrogen N (total),1968,1968,t,4000,X,Figure from international organizations,
Fertilizers by Nutrient,566,Nigeria,5157,Agricultural Use,3102,Nutrient nitrogen N (total),1969,1969,t,3425,A,Official figure,Official data from questionnaire
Fertilizers by Nutrient,566,Nigeria,5157,Agricultural Use,3102,Nutrient nitrogen N (total),1970,1970,t,2572,A,Official figure,Official data from questionnaire
Fertilizers by Nutrient,566,Nigeria,5157,Agricultural Use,3102,Nutrient nitrogen N (total),1971,1971,t,3588,A,Official figure,Official data from questionnaire
Fertilizers by Nutrient,566,Nigeria,5157,Agricultural Use,3102,Nutrient nitrogen N (total),1972,1972,t,9149,A,Official figure,Official data from questionnaire
Fertilizers by Nutrient,566,Nigeria,5157,Agricultural Use,3102,Nutrient nitrogen N (total),1973,1973,t,4700,X,Figure from international organizations,
Fertilizers by Nutrient,566,Nigeria,5157,Agricultural Use,3102,Nutrient nitrogen N (total),1974,1974,t,13200,X,Figure from international organizations,
Fertilizers by Nutrient,566,Nigeria,5157,Agricultural Use,3102,Nutrient nitrogen N (total),1975,1975,t,30200,X,Figure from international organizations,
Fertilizers by Nutrient,566,Nigeria,5157,Agricultural Use,3102,Nutrient nitrogen N (total),1976,1976,t,35000,X,Figure from international organizations,
Fertilizers by Nutrient,566,Nigeria,5157,Agricultural Use,3102,Nutrient nitrogen N (total),1977,1977,t,35000,X,Figure from international organizations,
Fertilizers by Nutrient,566,Nigeria,5157,Agricultural Use,3102,Nutrient nitrogen N (total),1978,1978,t,35000,X,Figure from international organizations,
Fertilizers by Nutrient,566,Nigeria,5157,Agricultural Use,3102,Nutrient nitrogen N (total),1979,1979,t,62400,X,Figure from international organizations,
Fertilizers by Nutrient,566,Nigeria,5157,Agricultural Use,3102,Nutrient nitrogen N (total),1980,1980,t,92200,X,Figure from international organizations,
Fertilizers by Nutrient,566,Nigeria,5157,Agricultural Use,3102,Nutrient nitrogen N (total),1981,1981,t,96700,X,Figure from international organizations,
Fertilizers by Nutrient,566,Nigeria,5157,Agricultural Use,3102,Nutrient nitrogen N (total),1982,1982,t,103000,X,Figure from international organizations,
Fertilizers by Nutrient,566,Nigeria,5157,Agricultural Use,3102,Nutrient nitrogen N (total),1983,1983,t,120600,X,Figure from international organizations,
Fertilizers by Nutrient,566,Nigeria,5157,Agricultural Use,3102,Nutrient nitrogen N (total),1984,1984,t,120200,X,Figure from international organizations,
Fertilizers by Nutrient,566,Nigeria,5157,Agricultural Use,3102,Nutrient nitrogen N (total),1985,1985,t,109600,X,Figure from international organizations,
Fertilizers by Nutrient,566,Nigeria,5157,Agricultural Use,3102,Nutrient nitrogen N (total),1986,1986,t,121000,X,Figure from international organizations,
Fertilizers by Nutrient,566,Nigeria,5157,Agricultural Use,3102,Nutrient nitrogen N (total),1987,1987,t,108300,X,Figure from international organizations,
Fertilizers by Nutrient,566,Nigeria,5157,Agricultural Use,3102,Nutrient nitrogen N (total),1988,1988,t,153200,X,Figure from international organizations,
Fertilizers by Nutrient,566,Nigeria,5157,Agricultural Use,3102,Nutrient nitrogen N (total),1989,1989,t,180400,X,Figure from international organizations,
Fertilizers by Nutrient,566,Nigeria,5157,Agricultural Use,3102,Nutrient nitrogen N (total),1990,1990,t,210000,X,Figure from international organizations,
Fertilizers by Nutrient,566,Nigeria,5157,Agricultural Use,3102,Nutrient nitrogen N (total),1991,1991,t,212000,A,Official figure,Official data from questionnaire
Fertilizers by Nutrient,566,Nigeria,5157,Agricultural Use,3102,Nutrient nitrogen N (total),1992,1992,t,220000,X,Figure from international organizations,
Fertilizers by Nutrient,566,Nigeria,5157,Agricultural Use,3102,Nutrient nitrogen N (total),1993,1993,t,220000,X,Figure from international organizations,
Fertilizers by Nutrient,566,Nigeria,5157,Agricultural Use,3102,Nutrient nitrogen N (total),1994,1994,t,186000,X,Figure from international organizations,
Fertilizers by Nutrient,566,Nigeria,5157,Agricultural Use,3102,Nutrient nitrogen N (total),1995,1995,t,100000,X,Figure from international organizations,
Fertilizers by Nutrient,566,Nigeria,5157,Agricultural Use,3102,Nutrient nitrogen N (total),1996,1996,t,105000,A,Official figure,Official data from questionnaire
Fertilizers by Nutrient,566,Nigeria,5157,Agricultural Use,3102,Nutrient nitrogen N (total),1997,1997,t,77300,X,Figure from international organizations,
Fertilizers by Nutrient,566,Nigeria,5157,Agricultural Use,3102,Nutrient nitrogen N (total),1998,1998,t,100000,X,Figure from international organizations,
Fertilizers by Nutrient,566,Nigeria,5157,Agricultural Use,3102,Nutrient nitrogen N (total),1999,1999,t,107000,X,Figure from international organizations,
Fertilizers by Nutrient,566,Nigeria,5157,Agricultural Use,3102,Nutrient nitrogen N (total),2000,2000,t,105600,X,Figure from international organizations,
Fertilizers by Nutrient,566,Nigeria,5157,Agricultural Use,3102,Nutrient nitrogen N (total),2001,2001,t,146800,X,Figure from international organizations,
Fertilizers by Nutrient,566,Nigeria,5157,Agricultural Use,3102,Nutrient nitrogen N (total),2002,2002,t,125131,I,Imputed value,
Fertilizers by Nutrient,566,Nigeria,5157,Agricultural Use,3102,Nutrient nitrogen N (total),2003,2003,t,167778,I,Imputed value,
Fertilizers by Nutrient,566,Nigeria,5157,Agricultural Use,3102,Nutrient nitrogen N (total),2004,2004,t,116343,I,Imputed value,
Fertilizers by Nutrient,566,Nigeria,5157,Agricultural Use,3102,Nutrient nitrogen N (total),2005,2005,t,213221,I,Imputed value,
Fertilizers by Nutrient,566,Nigeria,5157,Agricultural Use,3102,Nutrient nitrogen N (total),2006,2006,t,216854,I,Imputed value,
Fertilizers by Nutrient,566,Nigeria,5157,Agricultural Use,3102,Nutrient nitrogen N (total),2007,2007,t,70115,I,Imputed value,
Fertilizers by Nutrient,566,Nigeria,5157,Agricultural Use,3102,Nutrient nitrogen N (total),2008,2008,t,125033,A,Official figure,Official data from questionnaire
Fertilizers by Nutrient,566,Nigeria,5157,Agricultural Use,3102,Nutrient nitrogen N (total),2009,2009,t,99589,A,Official figure,Official data from questionnaire
Fertilizers by Nutrient,566,Nigeria,5157,Agricultural Use,3102,Nutrient nitrogen N (total),2010,2010,t,263151,I,Imputed value,
Fertilizers by Nutrient,566,Nigeria,5157,Agricultural Use,3102,Nutrient nitrogen N (total),2011,2011,t,138428,I,Imputed value,
Fertilizers by Nutrient,566,Nigeria,5157,Agricultural Use,3102,Nutrient nitrogen N (total),2012,2012,t,192598.73,I,Imputed value,
Fertilizers by Nutrient,566,Nigeria,5157,Agricultural Use,3102,Nutrient nitrogen N (total),2013,2013,t,269528.61,I,Imputed value,
Fertilizers by Nutrient,566,Nigeria,5157,Agricultural Use,3102,Nutrient nitrogen N (total),2014,2014,t,242150.99,I,Imputed value,
Fertilizers by Nutrient,566,Nigeria,5157,Agricultural Use,3102,Nutrient nitrogen N (total),2015,2015,t,196103.73,I,Imputed value,
Fertilizers by Nutrient,566,Nigeria,5157,Agricultural Use,3102,Nutrient nitrogen N (total),2016,2016,t,288746.46,I,Imputed value,
Fertilizers by Nutrient,566,Nigeria,5157,Agricultural Use,3102,Nutrient nitrogen N (total),2017,2017,t,453000,E,Estimated value,Data sourced from IFA
Fertilizers by Nutrient,566,Nigeria,5157,Agricultural Use,3102,Nutrient nitrogen N (total),2018,2018,t,436400,E,Estimated value,Data sourced from IFA
Fertilizers by Nutrient,566,Nigeria,5157,Agricultural Use,3102,Nutrient nitrogen N (total),2019,2019,t,436400,I,Imputed value,
Fertilizers by Nutrient,566,Nigeria,5157,Agricultural Use,3102,Nutrient nitrogen N (total),2020,2020,t,436400,I,Imputed value,
Fertilizers by Nutrient,566,Nigeria,5157,Agricultural Use,3102,Nutrient nitrogen N (total),2021,2021,t,436400,I,Imputed value,
Fertilizers by Nutrient,566,Nigeria,5157,Agricultural Use,3103,Nutrient phosphate P2O5 (total),1961,1961,t,697,A,Official figure,Official data from questionnaire
Fertilizers by Nutrient,566,Nigeria,5157,Agricultural Use,3103,Nutrient phosphate P2O5 (total),1962,1962,t,1181,A,Official figure,Official data from questionnaire
Fertilizers by Nutrient,566,Nigeria,5157,Agricultural Use,3103,Nutrient phosphate P2O5 (total),1963,1963,t,1200,I,Imputed value,
Fertilizers by Nutrient,566,Nigeria,5157,Agricultural Use,3103,Nutrient phosphate P2O5 (total),1964,1964,t,1200,X,Figure from international organizations,
Fertilizers by Nutrient,566,Nigeria,5157,Agricultural Use,3103,Nutrient phosphate P2O5 (total),1965,1965,t,1400,X,Figure from international organizations,
Fertilizers by Nutrient,566,Nigeria,5157,Agricultural Use,3103,Nutrient phosphate P2O5 (total),1966,1966,t,1800,X,Figure from international organizations,
Fertilizers by Nutrient,566,Nigeria,5157,Agricultural Use,3103,Nutrient phosphate P2O5 (total),1967,1967,t,2200,X,Figure from international organizations,
Fertilizers by Nutrient,566,Nigeria,5157,Agricultural Use,3103,Nutrient phosphate P2O5 (total),1968,1968,t,5400,X,Figure from international organizations,
Fertilizers by Nutrient,566,Nigeria,5157,Agricultural Use,3103,Nutrient phosphate P2O5 (total),1969,1969,t,6347,A,Official figure,Official data from questionnaire
Fertilizers by Nutrient,566,Nigeria,5157,Agricultural Use,3103,Nutrient phosphate P2O5 (total),1970,1970,t,3257,A,Official figure,Official data from questionnaire
Fertilizers by Nutrient,566,Nigeria,5157,Agricultural Use,3103,Nutrient phosphate P2O5 (total),1971,1971,t,4371,A,Official figure,Official data from questionnaire
Fertilizers by Nutrient,566,Nigeria,5157,Agricultural Use,3103,Nutrient phosphate P2O5 (total),1972,1972,t,6634,A,Official figure,Official data from questionnaire
Fertilizers by Nutrient,566,Nigeria,5157,Agricultural Use,3103,Nutrient phosphate P2O5 (total),1973,1973,t,5500,X,Figure from international organizations,
Fertilizers by Nutrient,566,Nigeria,5157,Agricultural Use,3103,Nutrient phosphate P2O5 (total),1974,1974,t,10700,X,Figure from international organizations,
Fertilizers by Nutrient,566,Nigeria,5157,Agricultural Use,3103,Nutrient phosphate P2O5 (total),1975,1975,t,16100,X,Figure from international organizations,
Fertilizers by Nutrient,566,Nigeria,5157,Agricultural Use,3103,Nutrient phosphate P2O5 (total),1976,1976,t,30000,X,Figure from international organizations,
Fertilizers by Nutrient,566,Nigeria,5157,Agricultural Use,3103,Nutrient phosphate P2O5 (total),1977,1977,t,25000,X,Figure from international organizations,
Fertilizers by Nutrient,566,Nigeria,5157,Agricultural Use,3103,Nutrient phosphate P2O5 (total),1978,1978,t,22900,X,Figure from international organizations,
Fertilizers by Nutrient,566,Nigeria,5157,Agricultural Use,3103,Nutrient phosphate P2O5 (total),1979,1979,t,30900,X,Figure from international organizations,
Fertilizers by Nutrient,566,Nigeria,5157,Agricultural Use,3103,Nutrient phosphate P2O5 (total),1980,1980,t,56200,X,Figure from international organizations,
Fertilizers by Nutrient,566,Nigeria,5157,Agricultural Use,3103,Nutrient phosphate P2O5 (total),1981,1981,t,79500,X,Figure from international organizations,
Fertilizers by Nutrient,566,Nigeria,5157,Agricultural Use,3103,Nutrient phosphate P2O5 (total),1982,1982,t,67100,X,Figure from international organizations,
Fertilizers by Nutrient,566,Nigeria,5157,Agricultural Use,3103,Nutrient phosphate P2O5 (total),1983,1983,t,91200,X,Figure from international organizations,
Fertilizers by Nutrient,566,Nigeria,5157,Agricultural Use,3103,Nutrient phosphate P2O5 (total),1984,1984,t,96000,X,Figure from international organizations,
Fertilizers by Nutrient,566,Nigeria,5157,Agricultural Use,3103,Nutrient phosphate P2O5 (total),1985,1985,t,80800,X,Figure from international organizations,
Fertilizers by Nutrient,566,Nigeria,5157,Agricultural Use,3103,Nutrient phosphate P2O5 (total),1986,1986,t,80600,X,Figure from international organizations,
Fertilizers by Nutrient,566,Nigeria,5157,Agricultural Use,3103,Nutrient phosphate P2O5 (total),1987,1987,t,73200,X,Figure from international organizations,
Fertilizers by Nutrient,566,Nigeria,5157,Agricultural Use,3103,Nutrient phosphate P2O5 (total),1988,1988,t,102000,X,Figure from international organizations,
Fertilizers by Nutrient,566,Nigeria,5157,Agricultural Use,3103,Nutrient phosphate P2O5 (total),1989,1989,t,93500,A,Official figure,Official data from questionnaire
Fertilizers by Nutrient,566,Nigeria,5157,Agricultural Use,3103,Nutrient phosphate P2O5 (total),1990,1990,t,96140,A,Official figure,Official data from questionnaire
Fertilizers by Nutrient,566,Nigeria,5157,Agricultural Use,3103,Nutrient phosphate P2O5 (total),1991,1991,t,110600,X,Figure from international organizations,
Fertilizers by Nutrient,566,Nigeria,5157,Agricultural Use,3103,Nutrient phosphate P2O5 (total),1992,1992,t,115000,X,Figure from international organizations,
Fertilizers by Nutrient,566,Nigeria,5157,Agricultural Use,3103,Nutrient phosphate P2O5 (total),1993,1993,t,131000,X,Figure from international organizations,
Fertilizers by Nutrient,566,Nigeria,5157,Agricultural Use,3103,Nutrient phosphate P2O5 (total),1994,1994,t,50000,X,Figure from international organizations,
Fertilizers by Nutrient,566,Nigeria,5157,Agricultural Use,3103,Nutrient phosphate P2O5 (total),1995,1995,t,50000,X,Figure from international organizations,
Fertilizers by Nutrient,566,Nigeria,5157,Agricultural Use,3103,Nutrient phosphate P2O5 (total),1996,1996,t,32500,X,Figure from international organizations,
Fertilizers by Nutrient,566,Nigeria,5157,Agricultural Use,3103,Nutrient phosphate P2O5 (total),1997,1997,t,21400,X,Figure from international organizations,
Fertilizers by Nutrient,566,Nigeria,5157,Agricultural Use,3103,Nutrient phosphate P2O5 (total),1998,1998,t,39200,X,Figure from international organizations,
Fertilizers by Nutrient,566,Nigeria,5157,Agricultural Use,3103,Nutrient phosphate P2O5 (total),1999,1999,t,34700,X,Figure from international organizations,
Fertilizers by Nutrient,566,Nigeria,5157,Agricultural Use,3103,Nutrient phosphate P2O5 (total),2000,2000,t,44000,X,Figure from international organizations,
Fertilizers by Nutrient,566,Nigeria,5157,Agricultural Use,3103,Nutrient phosphate P2O5 (total),2001,2001,t,40200,X,Figure from international organizations,
Fertilizers by Nutrient,566,Nigeria,5157,Agricultural Use,3103,Nutrient phosphate P2O5 (total),2002,2002,t,13734,I,Imputed value,
Fertilizers by Nutrient,566,Nigeria,5157,Agricultural Use,3103,Nutrient phosphate P2O5 (total),2003,2003,t,21480,I,Imputed value,
Fertilizers by Nutrient,566,Nigeria,5157,Agricultural Use,3103,Nutrient phosphate P2O5 (total),2004,2004,t,18663,I,Imputed value,
Fertilizers by Nutrient,566,Nigeria,5157,Agricultural Use,3103,Nutrient phosphate P2O5 (total),2005,2005,t,20698,I,Imputed value,
Fertilizers by Nutrient,566,Nigeria,5157,Agricultural Use,3103,Nutrient phosphate P2O5 (total),2006,2006,t,80687,I,Imputed value,
Fertilizers by Nutrient,566,Nigeria,5157,Agricultural Use,3103,Nutrient phosphate P2O5 (total),2007,2007,t,39922,I,Imputed value,
Fertilizers by Nutrient,566,Nigeria,5157,Agricultural Use,3103,Nutrient phosphate P2O5 (total),2008,2008,t,45547,A,Official figure,Official data from questionnaire
Fertilizers by Nutrient,566,Nigeria,5157,Agricultural Use,3103,Nutrient phosphate P2O5 (total),2009,2009,t,35318,A,Official figure,Official data from questionnaire
Fertilizers by Nutrient,566,Nigeria,5157,Agricultural Use,3103,Nutrient phosphate P2O5 (total),2010,2010,t,71843,I,Imputed value,
Fertilizers by Nutrient,566,Nigeria,5157,Agricultural Use,3103,Nutrient phosphate P2O5 (total),2011,2011,t,41686,I,Imputed value,
Fertilizers by Nutrient,566,Nigeria,5157,Agricultural Use,3103,Nutrient phosphate P2O5 (total),2012,2012,t,57371.36,I,Imputed value,
Fertilizers by Nutrient,566,Nigeria,5157,Agricultural Use,3103,Nutrient phosphate P2O5 (total),2013,2013,t,18275.87,I,Imputed value,
Fertilizers by Nutrient,566,Nigeria,5157,Agricultural Use,3103,Nutrient phosphate P2O5 (total),2014,2014,t,38696.42,I,Imputed value,
Fertilizers by Nutrient,566,Nigeria,5157,Agricultural Use,3103,Nutrient phosphate P2O5 (total),2015,2015,t,51213.34,I,Imputed value,
Fertilizers by Nutrient,566,Nigeria,5157,Agricultural Use,3103,Nutrient phosphate P2O5 (total),2016,2016,t,60871.1,I,Imputed value,
Fertilizers by Nutrient,566,Nigeria,5157,Agricultural Use,3103,Nutrient phosphate P2O5 (total),2017,2017,t,144700,E,Estimated value,Data sourced from IFA
Fertilizers by Nutrient,566,Nigeria,5157,Agricultural Use,3103,Nutrient phosphate P2O5 (total),2018,2018,t,136100,E,Estimated value,Data sourced from IFA
Fertilizers by Nutrient,566,Nigeria,5157,Agricultural Use,3103,Nutrient phosphate P2O5 (total),2019,2019,t,136100,I,Imputed value,
Fertilizers by Nutrient,566,Nigeria,5157,Agricultural Use,3103,Nutrient phosphate P2O5 (total),2020,2020,t,136100,I,Imputed value,
Fertilizers by Nutrient,566,Nigeria,5157,Agricultural Use,3103,Nutrient phosphate P2O5 (total),2021,2021,t,136100,I,Imputed value,
Fertilizers by Nutrient,566,Nigeria,5157,Agricultural Use,3104,Nutrient potash K2O (total),1961,1961,t,326,A,Official figure,Official data from questionnaire
Fertilizers by Nutrient,566,Nigeria,5157,Agricultural Use,3104,Nutrient potash K2O (total),1962,1962,t,103,A,Official figure,Official data from questionnaire
Fertilizers by Nutrient,566,Nigeria,5157,Agricultural Use,3104,Nutrient potash K2O (total),1963,1963,t,393,A,Official figure,Official data from questionnaire
Fertilizers by Nutrient,566,Nigeria,5157,Agricultural Use,3104,Nutrient potash K2O (total),1964,1964,t,501,A,Official figure,Official data from questionnaire
Fertilizers by Nutrient,566,Nigeria,5157,Agricultural Use,3104,Nutrient potash K2O (total),1965,1965,t,249,A,Official figure,Official data from questionnaire
Fertilizers by Nutrient,566,Nigeria,5157,Agricultural Use,3104,Nutrient potash K2O (total),1966,1966,t,930,A,Official figure,Official data from questionnaire
Fertilizers by Nutrient,566,Nigeria,5157,Agricultural Use,3104,Nutrient potash K2O (total),1967,1967,t,1061,A,Official figure,Official data from questionnaire
Fertilizers by Nutrient,566,Nigeria,5157,Agricultural Use,3104,Nutrient potash K2O (total),1968,1968,t,700,I,Imputed value,
Fertilizers by Nutrient,566,Nigeria,5157,Agricultural Use,3104,Nutrient potash K2O (total),1969,1969,t,633,A,Official figure,Official data from questionnaire
Fertilizers by Nutrient,566,Nigeria,5157,Agricultural Use,3104,Nutrient potash K2O (total),1970,1970,t,1065,A,Official figure,Official data from questionnaire
Fertilizers by Nutrient,566,Nigeria,5157,Agricultural Use,3104,Nutrient potash K2O (total),1971,1971,t,1286,A,Official figure,Official data from questionnaire
Fertilizers by Nutrient,566,Nigeria,5157,Agricultural Use,3104,Nutrient potash K2O (total),1972,1972,t,3775,A,Official figure,Official data from questionnaire
Fertilizers by Nutrient,566,Nigeria,5157,Agricultural Use,3104,Nutrient potash K2O (total),1973,1973,t,5000,X,Figure from international organizations,
Fertilizers by Nutrient,566,Nigeria,5157,Agricultural Use,3104,Nutrient potash K2O (total),1974,1974,t,5000,X,Figure from international organizations,
Fertilizers by Nutrient,566,Nigeria,5157,Agricultural Use,3104,Nutrient potash K2O (total),1975,1975,t,8000,X,Figure from international organizations,
Fertilizers by Nutrient,566,Nigeria,5157,Agricultural Use,3104,Nutrient potash K2O (total),1976,1976,t,14000,X,Figure from international organizations,
Fertilizers by Nutrient,566,Nigeria,5157,Agricultural Use,3104,Nutrient potash K2O (total),1977,1977,t,14000,X,Figure from international organizations,
Fertilizers by Nutrient,566,Nigeria,5157,Agricultural Use,3104,Nutrient potash K2O (total),1978,1978,t,13500,A,Official figure,Official data from questionnaire
Fertilizers by Nutrient,566,Nigeria,5157,Agricultural Use,3104,Nutrient potash K2O (total),1979,1979,t,15000,X,Figure from international organizations,
Fertilizers by Nutrient,566,Nigeria,5157,Agricultural Use,3104,Nutrient potash K2O (total),1980,1980,t,25500,X,Figure from international organizations,
Fertilizers by Nutrient,566,Nigeria,5157,Agricultural Use,3104,Nutrient potash K2O (total),1981,1981,t,37000,X,Figure from international organizations,
Fertilizers by Nutrient,566,Nigeria,5157,Agricultural Use,3104,Nutrient potash K2O (total),1982,1982,t,42900,X,Figure from international organizations,
Fertilizers by Nutrient,566,Nigeria,5157,Agricultural Use,3104,Nutrient potash K2O (total),1983,1983,t,47700,X,Figure from international organizations,
Fertilizers by Nutrient,566,Nigeria,5157,Agricultural Use,3104,Nutrient potash K2O (total),1984,1984,t,50000,X,Figure from international organizations,
Fertilizers by Nutrient,566,Nigeria,5157,Agricultural Use,3104,Nutrient potash K2O (total),1985,1985,t,32200,X,Figure from international organizations,
Fertilizers by Nutrient,566,Nigeria,5157,Agricultural Use,3104,Nutrient potash K2O (total),1986,1986,t,55100,X,Figure from international organizations,
Fertilizers by Nutrient,566,Nigeria,5157,Agricultural Use,3104,Nutrient potash K2O (total),1987,1987,t,53600,X,Figure from international organizations,
Fertilizers by Nutrient,566,Nigeria,5157,Agricultural Use,3104,Nutrient potash K2O (total),1988,1988,t,70000,X,Figure from international organizations,
Fertilizers by Nutrient,566,Nigeria,5157,Agricultural Use,3104,Nutrient potash K2O (total),1989,1989,t,90000,X,Figure from international organizations,
Fertilizers by Nutrient,566,Nigeria,5157,Agricultural Use,3104,Nutrient potash K2O (total),1990,1990,t,94240,A,Official figure,Official data from questionnaire
Fertilizers by Nutrient,566,Nigeria,5157,Agricultural Use,3104,Nutrient potash K2O (total),1991,1991,t,106600,X,Figure from international organizations,
Fertilizers by Nutrient,566,Nigeria,5157,Agricultural Use,3104,Nutrient potash K2O (total),1992,1992,t,105000,X,Figure from international organizations,
Fertilizers by Nutrient,566,Nigeria,5157,Agricultural Use,3104,Nutrient potash K2O (total),1993,1993,t,110000,X,Figure from international organizations,
Fertilizers by Nutrient,566,Nigeria,5157,Agricultural Use,3104,Nutrient potash K2O (total),1994,1994,t,60000,X,Figure from international organizations,
Fertilizers by Nutrient,566,Nigeria,5157,Agricultural Use,3104,Nutrient potash K2O (total),1995,1995,t,33000,X,Figure from international organizations,
Fertilizers by Nutrient,566,Nigeria,5157,Agricultural Use,3104,Nutrient potash K2O (total),1996,1996,t,36000,X,Figure from international organizations,
Fertilizers by Nutrient,566,Nigeria,5157,Agricultural Use,3104,Nutrient potash K2O (total),1997,1997,t,39000,X,Figure from international organizations,
Fertilizers by Nutrient,566,Nigeria,5157,Agricultural Use,3104,Nutrient potash K2O (total),1998,1998,t,24000,X,Figure from international organizations,
Fertilizers by Nutrient,566,Nigeria,5157,Agricultural Use,3104,Nutrient potash K2O (total),1999,1999,t,26000,X,Figure from international organizations,
Fertilizers by Nutrient,566,Nigeria,5157,Agricultural Use,3104,Nutrient potash K2O (total),2000,2000,t,37900,X,Figure from international organizations,
Fertilizers by Nutrient,566,Nigeria,5157,Agricultural Use,3104,Nutrient potash K2O (total),2001,2001,t,34000,X,Figure from international organizations,
Fertilizers by Nutrient,566,Nigeria,5157,Agricultural Use,3104,Nutrient potash K2O (total),2002,2002,t,15117,I,Imputed value,
Fertilizers by Nutrient,566,Nigeria,5157,Agricultural Use,3104,Nutrient potash K2O (total),2003,2003,t,25677,I,Imputed value,
Fertilizers by Nutrient,566,Nigeria,5157,Agricultural Use,3104,Nutrient potash K2O (total),2004,2004,t,24073,I,Imputed value,
Fertilizers by Nutrient,566,Nigeria,5157,Agricultural Use,3104,Nutrient potash K2O (total),2005,2005,t,25185,I,Imputed value,
Fertilizers by Nutrient,566,Nigeria,5157,Agricultural Use,3104,Nutrient potash K2O (total),2006,2006,t,71890,I,Imputed value,
Fertilizers by Nutrient,566,Nigeria,5157,Agricultural Use,3104,Nutrient potash K2O (total),2007,2007,t,45550,I,Imputed value,
Fertilizers by Nutrient,566,Nigeria,5157,Agricultural Use,3104,Nutrient potash K2O (total),2008,2008,t,40986,A,Official figure,Official data from questionnaire
Fertilizers by Nutrient,566,Nigeria,5157,Agricultural Use,3104,Nutrient potash K2O (total),2009,2009,t,33446,A,Official figure,Official data from questionnaire
Fertilizers by Nutrient,566,Nigeria,5157,Agricultural Use,3104,Nutrient potash K2O (total),2010,2010,t,68057,I,Imputed value,
Fertilizers by Nutrient,566,Nigeria,5157,Agricultural Use,3104,Nutrient potash K2O (total),2011,2011,t,42970,I,Imputed value,
Fertilizers by Nutrient,566,Nigeria,5157,Agricultural Use,3104,Nutrient potash K2O (total),2012,2012,t,53434.31,I,Imputed value,
Fertilizers by Nutrient,566,Nigeria,5157,Agricultural Use,3104,Nutrient potash K2O (total),2013,2013,t,18813.4,I,Imputed value,
Fertilizers by Nutrient,566,Nigeria,5157,Agricultural Use,3104,Nutrient potash K2O (total),2014,2014,t,42216.28,I,Imputed value,
Fertilizers by Nutrient,566,Nigeria,5157,Agricultural Use,3104,Nutrient potash K2O (total),2015,2015,t,40226.25,I,Imputed value,
Fertilizers by Nutrient,566,Nigeria,5157,Agricultural Use,3104,Nutrient potash K2O (total),2016,2016,t,38226.34,I,Imputed value,
Fertilizers by Nutrient,566,Nigeria,5157,Agricultural Use,3104,Nutrient potash K2O (total),2017,2017,t,136200,E,Estimated value,Data sourced from IFA
Fertilizers by Nutrient,566,Nigeria,5157,Agricultural Use,3104,Nutrient potash K2O (total),2018,2018,t,113700,E,Estimated value,Data sourced from IFA
Fertilizers by Nutrient,566,Nigeria,5157,Agricultural Use,3104,Nutrient potash K2O (total),2019,2019,t,113700,I,Imputed value,
Fertilizers by Nutrient,566,Nigeria,5157,Agricultural Use,3104,Nutrient potash K2O (total),2020,2020,t,113700,I,Imputed value,
Fertilizers by Nutrient,566,Nigeria,5157,Agricultural Use,3104,Nutrient potash K2O (total),2021,2021,t,113700,I,Imputed value,
