﻿Domain,Area Code (M49),Area,Element Code,Element,Item Code,Item,Year Code,Year,Unit,Value,Flag,Flag Description
Pesticides Use,566,Nigeria,5157,Agricultural Use,1357,Pesticides (total),1990,1990,t,3445.22,E,Estimated value
Pesticides Use,566,Nigeria,5157,Agricultural Use,1357,Pesticides (total),1991,1991,t,2508.1,E,Estimated value
Pesticides Use,566,Nigeria,5157,Agricultural Use,1357,Pesticides (total),1992,1992,t,1717.5,E,Estimated value
Pesticides Use,566,Nigeria,5157,Agricultural Use,1357,Pesticides (total),1993,1993,t,948.79,E,Estimated value
Pesticides Use,566,Nigeria,5157,Agricultural Use,1357,Pesticides (total),1994,1994,t,1139.08,E,Estimated value
Pesticides Use,566,Nigeria,5157,Agricultural Use,1357,Pesticides (total),1995,1995,t,2160.97,E,Estimated value
Pesticides Use,566,Nigeria,5157,Agricultural Use,1357,Pesticides (total),1996,1996,t,4196.13,E,Estimated value
Pesticides Use,566,Nigeria,5157,Agricultural Use,1357,Pesticides (total),1997,1997,t,9991.77,E,Estimated value
Pesticides Use,566,Nigeria,5157,Agricultural Use,1357,Pesticides (total),1998,1998,t,9588.02,E,Estimated value
Pesticides Use,566,Nigeria,5157,Agricultural Use,1357,Pesticides (total),1999,1999,t,8071.43,E,Estimated value
Pesticides Use,566,Nigeria,5157,Agricultural Use,1357,Pesticides (total),2000,2000,t,3879.78,E,Estimated value
Pesticides Use,566,Nigeria,5157,Agricultural Use,1357,Pesticides (total),2001,2001,t,4716.87,E,Estimated value
Pesticides Use,566,Nigeria,5157,Agricultural Use,1357,Pesticides (total),2002,2002,t,7238.52,E,Estimated value
Pesticides Use,566,Nigeria,5157,Agricultural Use,1357,Pesticides (total),2003,2003,t,9498.88,E,Estimated value
Pesticides Use,566,Nigeria,5157,Agricultural Use,1357,Pesticides (total),2004,2004,t,12797.75,E,Estimated value
Pesticides Use,566,Nigeria,5157,Agricultural Use,1357,Pesticides (total),2005,2005,t,15335.75,E,Estimated value
Pesticides Use,566,Nigeria,5157,Agricultural Use,1357,Pesticides (total),2006,2006,t,13557.33,E,Estimated value
Pesticides Use,566,Nigeria,5157,Agricultural Use,1357,Pesticides (total),2007,2007,t,9729.19,E,Estimated value
Pesticides Use,566,Nigeria,5157,Agricultural Use,1357,Pesticides (total),2008,2008,t,11510.93,E,Estimated value
Pesticides Use,566,Nigeria,5157,Agricultural Use,1357,Pesticides (total),2009,2009,t,18095.71,E,Estimated value
Pesticides Use,566,Nigeria,5157,Agricultural Use,1357,Pesticides (total),2010,2010,t,26872.77,E,Estimated value
Pesticides Use,566,Nigeria,5157,Agricultural Use,1357,Pesticides (total),2011,2011,t,31079.27,E,Estimated value
Pesticides Use,566,Nigeria,5157,Agricultural Use,1357,Pesticides (total),2012,2012,t,33968.12,E,Estimated value
Pesticides Use,566,Nigeria,5157,Agricultural Use,1357,Pesticides (total),2013,2013,t,40668.25,E,Estimated value
Pesticides Use,566,Nigeria,5157,Agricultural Use,1357,Pesticides (total),2014,2014,t,36120.96,E,Estimated value
Pesticides Use,566,Nigeria,5157,Agricultural Use,1357,Pesticides (total),2015,2015,t,31255.23,E,Estimated value
Pesticides Use,566,Nigeria,5157,Agricultural Use,1357,Pesticides (total),2016,2016,t,26751.43,E,Estimated value
Pesticides Use,566,Nigeria,5157,Agricultural Use,1357,Pesticides (total),2017,2017,t,36466.57,E,Estimated value
Pesticides Use,566,Nigeria,5157,Agricultural Use,1357,Pesticides (total),2018,2018,t,47121.31,E,Estimated value
Pesticides Use,566,Nigeria,5157,Agricultural Use,1357,Pesticides (total),2019,2019,t,53953.79,E,Estimated value
Pesticides Use,566,Nigeria,5157,Agricultural Use,1357,Pesticides (total),2020,2020,t,57268.92,E,Estimated value
Pesticides Use,566,Nigeria,5157,Agricultural Use,1357,Pesticides (total),2021,2021,t,59278.17,E,Estimated value
Pesticides Use,566,Nigeria,5157,Agricultural Use,1309,Insecticides,1990,1990,t,1218.2,E,Estimated value
Pesticides Use,566,Nigeria,5157,Agricultural Use,1309,Insecticides,1991,1991,t,909.44,E,Estimated value
Pesticides Use,566,Nigeria,5157,Agricultural Use,1309,Insecticides,1992,1992,t,644.61,E,Estimated value
Pesticides Use,566,Nigeria,5157,Agricultural Use,1309,Insecticides,1993,1993,t,363.12,E,Estimated value
Pesticides Use,566,Nigeria,5157,Agricultural Use,1309,Insecticides,1994,1994,t,436.44,E,Estimated value
Pesticides Use,566,Nigeria,5157,Agricultural Use,1309,Insecticides,1995,1995,t,837.47,E,Estimated value
Pesticides Use,566,Nigeria,5157,Agricultural Use,1309,Insecticides,1996,1996,t,1638.71,E,Estimated value
Pesticides Use,566,Nigeria,5157,Agricultural Use,1309,Insecticides,1997,1997,t,3929.95,E,Estimated value
Pesticides Use,566,Nigeria,5157,Agricultural Use,1309,Insecticides,1998,1998,t,3750.84,E,Estimated value
Pesticides Use,566,Nigeria,5157,Agricultural Use,1309,Insecticides,1999,1999,t,3111.98,E,Estimated value
Pesticides Use,566,Nigeria,5157,Agricultural Use,1309,Insecticides,2000,2000,t,1481.72,E,Estimated value
Pesticides Use,566,Nigeria,5157,Agricultural Use,1309,Insecticides,2001,2001,t,1790.4,E,Estimated value
Pesticides Use,566,Nigeria,5157,Agricultural Use,1309,Insecticides,2002,2002,t,2773.4,E,Estimated value
Pesticides Use,566,Nigeria,5157,Agricultural Use,1309,Insecticides,2003,2003,t,3687.3,E,Estimated value
Pesticides Use,566,Nigeria,5157,Agricultural Use,1309,Insecticides,2004,2004,t,5005.92,E,Estimated value
Pesticides Use,566,Nigeria,5157,Agricultural Use,1309,Insecticides,2005,2005,t,5905.7,E,Estimated value
Pesticides Use,566,Nigeria,5157,Agricultural Use,1309,Insecticides,2006,2006,t,5070.42,E,Estimated value
Pesticides Use,566,Nigeria,5157,Agricultural Use,1309,Insecticides,2007,2007,t,3420.56,E,Estimated value
Pesticides Use,566,Nigeria,5157,Agricultural Use,1309,Insecticides,2008,2008,t,3812.92,E,Estimated value
Pesticides Use,566,Nigeria,5157,Agricultural Use,1309,Insecticides,2009,2009,t,5658.52,E,Estimated value
Pesticides Use,566,Nigeria,5157,Agricultural Use,1309,Insecticides,2010,2010,t,8118.29,E,Estimated value
Pesticides Use,566,Nigeria,5157,Agricultural Use,1309,Insecticides,2011,2011,t,9135.73,E,Estimated value
Pesticides Use,566,Nigeria,5157,Agricultural Use,1309,Insecticides,2012,2012,t,9727.81,E,Estimated value
Pesticides Use,566,Nigeria,5157,Agricultural Use,1309,Insecticides,2013,2013,t,11500.65,E,Estimated value
Pesticides Use,566,Nigeria,5157,Agricultural Use,1309,Insecticides,2014,2014,t,10181.37,E,Estimated value
Pesticides Use,566,Nigeria,5157,Agricultural Use,1309,Insecticides,2015,2015,t,8811.03,E,Estimated value
Pesticides Use,566,Nigeria,5157,Agricultural Use,1309,Insecticides,2016,2016,t,7456.21,E,Estimated value
Pesticides Use,566,Nigeria,5157,Agricultural Use,1309,Insecticides,2017,2017,t,10023.02,E,Estimated value
Pesticides Use,566,Nigeria,5157,Agricultural Use,1309,Insecticides,2018,2018,t,12835.02,E,Estimated value
Pesticides Use,566,Nigeria,5157,Agricultural Use,1309,Insecticides,2019,2019,t,14701.57,E,Estimated value
Pesticides Use,566,Nigeria,5157,Agricultural Use,1309,Insecticides,2020,2020,t,15625.83,E,Estimated value
Pesticides Use,566,Nigeria,5157,Agricultural Use,1309,Insecticides,2021,2021,t,16094.53,E,Estimated value
Pesticides Use,566,Nigeria,5157,Agricultural Use,1320,Herbicides,1990,1990,t,735.45,E,Estimated value
Pesticides Use,566,Nigeria,5157,Agricultural Use,1320,Herbicides,1991,1991,t,547.93,E,Estimated value
Pesticides Use,566,Nigeria,5157,Agricultural Use,1320,Herbicides,1992,1992,t,392.96,E,Estimated value
Pesticides Use,566,Nigeria,5157,Agricultural Use,1320,Herbicides,1993,1993,t,221,E,Estimated value
Pesticides Use,566,Nigeria,5157,Agricultural Use,1320,Herbicides,1994,1994,t,266.06,E,Estimated value
Pesticides Use,566,Nigeria,5157,Agricultural Use,1320,Herbicides,1995,1995,t,495.03,E,Estimated value
Pesticides Use,566,Nigeria,5157,Agricultural Use,1320,Herbicides,1996,1996,t,970.72,E,Estimated value
Pesticides Use,566,Nigeria,5157,Agricultural Use,1320,Herbicides,1997,1997,t,2374.02,E,Estimated value
Pesticides Use,566,Nigeria,5157,Agricultural Use,1320,Herbicides,1998,1998,t,2335.31,E,Estimated value
Pesticides Use,566,Nigeria,5157,Agricultural Use,1320,Herbicides,1999,1999,t,1987.6,E,Estimated value
Pesticides Use,566,Nigeria,5157,Agricultural Use,1320,Herbicides,2000,2000,t,939.34,E,Estimated value
Pesticides Use,566,Nigeria,5157,Agricultural Use,1320,Herbicides,2001,2001,t,1132.12,E,Estimated value
Pesticides Use,566,Nigeria,5157,Agricultural Use,1320,Herbicides,2002,2002,t,1725.79,E,Estimated value
Pesticides Use,566,Nigeria,5157,Agricultural Use,1320,Herbicides,2003,2003,t,2274.33,E,Estimated value
Pesticides Use,566,Nigeria,5157,Agricultural Use,1320,Herbicides,2004,2004,t,3137.06,E,Estimated value
Pesticides Use,566,Nigeria,5157,Agricultural Use,1320,Herbicides,2005,2005,t,3860.16,E,Estimated value
Pesticides Use,566,Nigeria,5157,Agricultural Use,1320,Herbicides,2006,2006,t,3517.49,E,Estimated value
Pesticides Use,566,Nigeria,5157,Agricultural Use,1320,Herbicides,2007,2007,t,2564.81,E,Estimated value
Pesticides Use,566,Nigeria,5157,Agricultural Use,1320,Herbicides,2008,2008,t,3208.99,E,Estimated value
Pesticides Use,566,Nigeria,5157,Agricultural Use,1320,Herbicides,2009,2009,t,5321.47,E,Estimated value
Pesticides Use,566,Nigeria,5157,Agricultural Use,1320,Herbicides,2010,2010,t,8107.23,E,Estimated value
Pesticides Use,566,Nigeria,5157,Agricultural Use,1320,Herbicides,2011,2011,t,9152.92,E,Estimated value
Pesticides Use,566,Nigeria,5157,Agricultural Use,1320,Herbicides,2012,2012,t,9873.48,E,Estimated value
Pesticides Use,566,Nigeria,5157,Agricultural Use,1320,Herbicides,2013,2013,t,11894.18,E,Estimated value
Pesticides Use,566,Nigeria,5157,Agricultural Use,1320,Herbicides,2014,2014,t,11097.6,E,Estimated value
Pesticides Use,566,Nigeria,5157,Agricultural Use,1320,Herbicides,2015,2015,t,9914.57,E,Estimated value
Pesticides Use,566,Nigeria,5157,Agricultural Use,1320,Herbicides,2016,2016,t,8694.43,E,Estimated value
Pesticides Use,566,Nigeria,5157,Agricultural Use,1320,Herbicides,2017,2017,t,11836.73,E,Estimated value
Pesticides Use,566,Nigeria,5157,Agricultural Use,1320,Herbicides,2018,2018,t,15112.15,E,Estimated value
Pesticides Use,566,Nigeria,5157,Agricultural Use,1320,Herbicides,2019,2019,t,17304.67,E,Estimated value
Pesticides Use,566,Nigeria,5157,Agricultural Use,1320,Herbicides,2020,2020,t,18261.18,E,Estimated value
Pesticides Use,566,Nigeria,5157,Agricultural Use,1320,Herbicides,2021,2021,t,18996.5,E,Estimated value
Pesticides Use,566,Nigeria,5157,Agricultural Use,1331,Fungicides and Bactericides,1990,1990,t,1020.4,E,Estimated value
Pesticides Use,566,Nigeria,5157,Agricultural Use,1331,Fungicides and Bactericides,1991,1991,t,706,E,Estimated value
Pesticides Use,566,Nigeria,5157,Agricultural Use,1331,Fungicides and Bactericides,1992,1992,t,461.7,E,Estimated value
Pesticides Use,566,Nigeria,5157,Agricultural Use,1331,Fungicides and Bactericides,1993,1993,t,260.15,E,Estimated value
Pesticides Use,566,Nigeria,5157,Agricultural Use,1331,Fungicides and Bactericides,1994,1994,t,334.34,E,Estimated value
Pesticides Use,566,Nigeria,5157,Agricultural Use,1331,Fungicides and Bactericides,1995,1995,t,648.87,E,Estimated value
Pesticides Use,566,Nigeria,5157,Agricultural Use,1331,Fungicides and Bactericides,1996,1996,t,1246.09,E,Estimated value
Pesticides Use,566,Nigeria,5157,Agricultural Use,1331,Fungicides and Bactericides,1997,1997,t,2863.08,E,Estimated value
Pesticides Use,566,Nigeria,5157,Agricultural Use,1331,Fungicides and Bactericides,1998,1998,t,2715.15,E,Estimated value
Pesticides Use,566,Nigeria,5157,Agricultural Use,1331,Fungicides and Bactericides,1999,1999,t,2302.74,E,Estimated value
Pesticides Use,566,Nigeria,5157,Agricultural Use,1331,Fungicides and Bactericides,2000,2000,t,1131.36,E,Estimated value
Pesticides Use,566,Nigeria,5157,Agricultural Use,1331,Fungicides and Bactericides,2001,2001,t,1394.41,E,Estimated value
Pesticides Use,566,Nigeria,5157,Agricultural Use,1331,Fungicides and Bactericides,2002,2002,t,2139.88,E,Estimated value
Pesticides Use,566,Nigeria,5157,Agricultural Use,1331,Fungicides and Bactericides,2003,2003,t,2783.11,E,Estimated value
Pesticides Use,566,Nigeria,5157,Agricultural Use,1331,Fungicides and Bactericides,2004,2004,t,3705.76,E,Estimated value
Pesticides Use,566,Nigeria,5157,Agricultural Use,1331,Fungicides and Bactericides,2005,2005,t,4476.15,E,Estimated value
Pesticides Use,566,Nigeria,5157,Agricultural Use,1331,Fungicides and Bactericides,2006,2006,t,4000.5,E,Estimated value
Pesticides Use,566,Nigeria,5157,Agricultural Use,1331,Fungicides and Bactericides,2007,2007,t,2934.66,E,Estimated value
Pesticides Use,566,Nigeria,5157,Agricultural Use,1331,Fungicides and Bactericides,2008,2008,t,3524.5,E,Estimated value
Pesticides Use,566,Nigeria,5157,Agricultural Use,1331,Fungicides and Bactericides,2009,2009,t,5704.67,E,Estimated value
Pesticides Use,566,Nigeria,5157,Agricultural Use,1331,Fungicides and Bactericides,2010,2010,t,8601.7,E,Estimated value
Pesticides Use,566,Nigeria,5157,Agricultural Use,1331,Fungicides and Bactericides,2011,2011,t,10122.93,E,Estimated value
Pesticides Use,566,Nigeria,5157,Agricultural Use,1331,Fungicides and Bactericides,2012,2012,t,10992.91,E,Estimated value
Pesticides Use,566,Nigeria,5157,Agricultural Use,1331,Fungicides and Bactericides,2013,2013,t,13340.88,E,Estimated value
Pesticides Use,566,Nigeria,5157,Agricultural Use,1331,Fungicides and Bactericides,2014,2014,t,11823.58,E,Estimated value
Pesticides Use,566,Nigeria,5157,Agricultural Use,1331,Fungicides and Bactericides,2015,2015,t,10302.34,E,Estimated value
Pesticides Use,566,Nigeria,5157,Agricultural Use,1331,Fungicides and Bactericides,2016,2016,t,8843.53,E,Estimated value
Pesticides Use,566,Nigeria,5157,Agricultural Use,1331,Fungicides and Bactericides,2017,2017,t,12120.58,E,Estimated value
Pesticides Use,566,Nigeria,5157,Agricultural Use,1331,Fungicides and Bactericides,2018,2018,t,15849.93,E,Estimated value
Pesticides Use,566,Nigeria,5157,Agricultural Use,1331,Fungicides and Bactericides,2019,2019,t,18113.55,E,Estimated value
Pesticides Use,566,Nigeria,5157,Agricultural Use,1331,Fungicides and Bactericides,2020,2020,t,19209.2,E,Estimated value
Pesticides Use,566,Nigeria,5157,Agricultural Use,1331,Fungicides and Bactericides,2021,2021,t,19770.25,E,Estimated value
